Source,Target,Type,Weight
0,0,Directed,0.06793957948684692
0,1,Directed,0.01256694458425045
0,2,Directed,-0.08101186156272888
0,5,Directed,0.22343403100967407
0,7,Directed,-0.2300741970539093
0,10,Directed,-0.15509049594402313
0,12,Directed,0.7405547499656677
0,14,Directed,0.032960355281829834
0,16,Directed,0.08436265587806702
0,18,Directed,0.17050281167030334
0,21,Directed,0.0017002522945404053
0,24,Directed,0.044895321130752563
0,31,Directed,0.06333641707897186
0,44,Directed,-0.10527107119560242
0,56,Directed,0.034100864082574844
0,58,Directed,-0.01868382841348648
0,83,Directed,0.23601961135864258
0,87,Directed,-0.051771730184555054
0,89,Directed,-0.012682497501373291
0,91,Directed,0.005020119249820709
1,0,Directed,-0.12850892543792725
1,1,Directed,0.08764144778251648
1,2,Directed,0.026671752333641052
1,3,Directed,0.08104890584945679
1,7,Directed,0.10774514079093933
1,10,Directed,0.3284326493740082
1,12,Directed,-0.18498563766479492
1,13,Directed,-0.2713124752044678
1,14,Directed,-0.059120118618011475
1,15,Directed,-0.0996452271938324
1,16,Directed,0.03336946666240692
1,18,Directed,-0.07542145252227783
1,19,Directed,0.09296616911888123
1,21,Directed,-0.08937694877386093
1,24,Directed,0.11562305688858032
1,29,Directed,-0.138117253780365
1,31,Directed,0.1284005492925644
1,37,Directed,0.05982017517089844
1,38,Directed,0.013359099626541138
1,47,Directed,0.04771546274423599
1,54,Directed,0.2771364450454712
1,56,Directed,-0.3128325343132019
1,58,Directed,-0.014209836721420288
1,62,Directed,-0.1896764039993286
1,73,Directed,-0.00738796591758728
1,76,Directed,-0.11674638092517853
1,77,Directed,0.23165543377399445
1,81,Directed,0.1089300811290741
1,83,Directed,0.09319786727428436
1,85,Directed,0.168707013130188
1,87,Directed,0.06533801555633545
1,88,Directed,-0.041667722165584564
1,89,Directed,-0.20314233005046844
1,90,Directed,0.6825147867202759
1,91,Directed,0.0701010525226593
2,0,Directed,-0.6010671257972717
2,1,Directed,0.36502379179000854
2,2,Directed,-0.12332172691822052
2,7,Directed,0.4406659007072449
2,10,Directed,0.1382519006729126
2,12,Directed,0.4780663549900055
2,14,Directed,0.5465890169143677
2,15,Directed,-0.10211089253425598
2,16,Directed,0.14264187216758728
2,18,Directed,0.13267597556114197
2,19,Directed,-0.4405505061149597
2,21,Directed,0.28544044494628906
2,24,Directed,0.3783424496650696
2,31,Directed,-0.20846199989318848
2,35,Directed,0.2999228239059448
2,37,Directed,-0.42175742983818054
2,56,Directed,-0.4862669110298157
2,58,Directed,-0.5019406676292419
2,76,Directed,-0.14487753808498383
2,83,Directed,0.36873552203178406
2,85,Directed,0.4892043173313141
2,87,Directed,0.0008779764175415039
2,88,Directed,0.024762235581874847
3,1,Directed,0.06293830275535583
3,2,Directed,-0.12743468582630157
3,3,Directed,0.6142205595970154
3,4,Directed,-0.2713925242424011
3,12,Directed,0.3135111927986145
3,13,Directed,0.35098493099212646
3,14,Directed,-0.2571055293083191
3,18,Directed,0.18914204835891724
3,19,Directed,-0.020426154136657715
3,21,Directed,0.19149476289749146
3,22,Directed,-1.071582317352295
3,24,Directed,0.39757585525512695
3,27,Directed,0.14183029532432556
3,29,Directed,-0.1354377567768097
3,31,Directed,0.03647930175065994
3,32,Directed,0.22035135328769684
3,35,Directed,0.1542426347732544
3,44,Directed,-0.06382539868354797
3,47,Directed,-0.14467588067054749
3,51,Directed,0.9755677580833435
3,52,Directed,-0.2755911946296692
3,56,Directed,-0.1674887239933014
3,58,Directed,0.059890031814575195
3,62,Directed,-0.8112878203392029
3,63,Directed,-0.13061919808387756
3,64,Directed,0.05795183777809143
3,67,Directed,0.11365246027708054
3,68,Directed,0.0898037850856781
3,73,Directed,0.28824087977409363
3,76,Directed,0.021231532096862793
3,81,Directed,0.34683308005332947
3,83,Directed,-0.17363545298576355
3,87,Directed,0.10177041590213776
3,88,Directed,-0.2752411663532257
3,89,Directed,-0.367811381816864
3,90,Directed,0.5592332482337952
3,91,Directed,0.14182616770267487
4,1,Directed,0.00978739932179451
4,3,Directed,0.05554454028606415
4,4,Directed,0.23895666003227234
4,12,Directed,0.024067506194114685
4,13,Directed,0.17076075077056885
4,14,Directed,-0.17463013529777527
4,21,Directed,0.09691985696554184
4,31,Directed,0.04453248530626297
4,44,Directed,-0.18134412169456482
4,56,Directed,-0.06211307644844055
4,58,Directed,0.27042457461357117
4,63,Directed,-0.02330077439546585
4,64,Directed,-0.04054819047451019
4,76,Directed,0.005103439092636108
4,83,Directed,-0.07150278985500336
4,87,Directed,0.05978482961654663
4,89,Directed,0.22789722681045532
4,91,Directed,0.3209201693534851
5,0,Directed,-0.004566371440887451
5,1,Directed,0.09214776754379272
5,2,Directed,0.042283788323402405
5,3,Directed,-0.08597609400749207
5,5,Directed,0.3410087823867798
5,7,Directed,0.08148157596588135
5,10,Directed,0.22644361853599548
5,12,Directed,0.3442498445510864
5,13,Directed,0.011429846286773682
5,18,Directed,0.02905435860157013
5,21,Directed,-0.01763695478439331
5,24,Directed,0.023553311824798584
5,25,Directed,-0.05555224418640137
5,31,Directed,-0.05200239270925522
5,37,Directed,-0.10435184836387634
5,58,Directed,0.16769841313362122
5,87,Directed,0.012117892503738403
5,88,Directed,0.06428428739309311
6,0,Directed,0.2870798408985138
6,1,Directed,0.16479231417179108
6,2,Directed,-0.002956867218017578
6,6,Directed,0.2407117784023285
6,7,Directed,-0.05635601282119751
6,8,Directed,0.055901139974594116
6,10,Directed,-0.07840864360332489
6,12,Directed,0.021083757281303406
6,16,Directed,-0.11612484604120255
6,17,Directed,-0.044625423848629
6,18,Directed,0.07120563834905624
6,20,Directed,-0.1208130344748497
6,21,Directed,-0.08327670395374298
6,24,Directed,0.03796453773975372
6,26,Directed,0.10139781981706619
6,31,Directed,0.011073201894760132
6,37,Directed,-0.24589750170707703
6,41,Directed,0.3232473134994507
6,54,Directed,0.05097895860671997
6,56,Directed,-0.022522151470184326
6,58,Directed,0.14032898843288422
6,72,Directed,0.19188454747200012
6,76,Directed,-0.11288872361183167
6,84,Directed,-0.008222520351409912
6,87,Directed,0.33644211292266846
6,88,Directed,-0.10047045350074768
6,89,Directed,0.004263520240783691
6,91,Directed,-0.06512781977653503
7,1,Directed,-0.06377285718917847
7,2,Directed,-0.026363901793956757
7,7,Directed,0.36504310369491577
7,12,Directed,0.2660951316356659
7,24,Directed,0.055957257747650146
7,31,Directed,0.07638787478208542
7,48,Directed,0.06626296043395996
7,56,Directed,0.013906717300415039
7,58,Directed,0.04438105225563049
7,77,Directed,0.26929256319999695
7,85,Directed,0.06351505219936371
7,87,Directed,0.08868168294429779
7,88,Directed,-0.11436676979064941
8,1,Directed,0.05053707957267761
8,8,Directed,0.32548174262046814
8,26,Directed,0.06383710354566574
8,37,Directed,0.23941685259342194
8,84,Directed,0.46213299036026
9,9,Directed,0.9006093740463257
9,42,Directed,0.10328680276870728
9,58,Directed,-0.08320949226617813
9,72,Directed,-0.07742436230182648
9,84,Directed,0.11808109283447266
9,88,Directed,0.03447490930557251
10,0,Directed,-0.025018900632858276
10,1,Directed,0.0023246705532073975
10,2,Directed,-0.061623841524124146
10,6,Directed,0.07193799316883087
10,7,Directed,0.009993776679039001
10,10,Directed,0.5448862314224243
10,12,Directed,-0.08997587859630585
10,13,Directed,-0.13058099150657654
10,14,Directed,-0.01641109585762024
10,16,Directed,0.037883177399635315
10,18,Directed,0.12299549579620361
10,19,Directed,0.1842373013496399
10,21,Directed,-0.06331361085176468
10,24,Directed,0.1346226930618286
10,31,Directed,0.10263173282146454
10,35,Directed,-0.020955219864845276
10,37,Directed,0.0726407989859581
10,47,Directed,-0.0955367386341095
10,54,Directed,-0.03598679602146149
10,56,Directed,-0.15602737665176392
10,58,Directed,0.009731763042509556
10,62,Directed,0.052733033895492554
10,76,Directed,0.010750450193881989
10,77,Directed,0.12240926176309586
10,85,Directed,0.10748854279518127
10,87,Directed,0.06565408408641815
10,91,Directed,-0.015225492417812347
11,6,Directed,0.04840227961540222
11,7,Directed,0.28755417466163635
11,8,Directed,0.136074036359787
11,11,Directed,0.44987753033638
11,41,Directed,0.04849119856953621
11,69,Directed,0.02857286110520363
12,1,Directed,0.04599028825759888
12,2,Directed,0.047346703708171844
12,5,Directed,0.024107612669467926
12,7,Directed,-0.09604576230049133
12,10,Directed,0.09195750951766968
12,12,Directed,0.3373605012893677
12,16,Directed,0.13411755859851837
12,18,Directed,-0.050772055983543396
12,24,Directed,0.028616398572921753
12,27,Directed,-0.05118338763713837
12,31,Directed,-0.07801364362239838
12,35,Directed,-0.1070067286491394
12,37,Directed,-0.05618952959775925
12,44,Directed,0.09804476797580719
12,47,Directed,0.06379152834415436
12,58,Directed,-0.12390930950641632
12,61,Directed,0.21999172866344452
12,76,Directed,-0.07942160964012146
12,78,Directed,0.1561894565820694
12,86,Directed,0.1304270327091217
12,87,Directed,-0.05764509737491608
12,88,Directed,0.06117814779281616
12,89,Directed,0.09983527660369873
13,0,Directed,0.11446227133274078
13,1,Directed,0.3594930171966553
13,10,Directed,0.48818838596343994
13,12,Directed,0.27630582451820374
13,13,Directed,-0.1540972888469696
13,21,Directed,-0.010631673038005829
13,27,Directed,0.0817117691040039
13,32,Directed,-0.06955969333648682
13,44,Directed,-0.316989928483963
13,58,Directed,0.08801837265491486
13,63,Directed,-0.014225110411643982
13,83,Directed,0.15003281831741333
13,86,Directed,0.01748589426279068
13,87,Directed,0.09301788359880447
13,88,Directed,-0.0551590770483017
13,89,Directed,0.14059773087501526
14,0,Directed,-0.03976261615753174
14,1,Directed,-0.1697111278772354
14,2,Directed,-0.023697957396507263
14,3,Directed,-0.175983265042305
14,5,Directed,-0.18135949969291687
14,7,Directed,-0.09827089309692383
14,10,Directed,0.11287739872932434
14,12,Directed,-0.1550084352493286
14,13,Directed,0.19012576341629028
14,14,Directed,0.2403075397014618
14,16,Directed,-0.06756022572517395
14,18,Directed,-0.08501654863357544
14,19,Directed,-0.01879674196243286
14,21,Directed,-0.009966840967535973
14,24,Directed,0.1663481593132019
14,31,Directed,-0.009329870343208313
14,32,Directed,0.05457186698913574
14,33,Directed,-0.024165697395801544
14,35,Directed,0.006597578525543213
14,37,Directed,0.07377699017524719
14,38,Directed,0.022244513034820557
14,44,Directed,-0.014617860317230225
14,47,Directed,-0.052614957094192505
14,51,Directed,0.11192995309829712
14,52,Directed,0.12201213836669922
14,54,Directed,0.0213252454996109
14,56,Directed,0.12216378003358841
14,58,Directed,0.14688950777053833
14,62,Directed,-0.2920110523700714
14,63,Directed,-0.10308486223220825
14,64,Directed,0.2650848627090454
14,67,Directed,-0.20470497012138367
14,76,Directed,0.07181544601917267
14,77,Directed,-0.1829153299331665
14,81,Directed,0.20530648529529572
14,83,Directed,-0.027914471924304962
14,85,Directed,0.12856382131576538
14,86,Directed,-0.38630831241607666
14,87,Directed,0.08912965655326843
14,88,Directed,-0.01187586784362793
14,89,Directed,-0.12286496162414551
14,90,Directed,0.878046989440918
14,91,Directed,0.16222751140594482
15,0,Directed,-0.0064833760261535645
15,1,Directed,-0.2560918629169464
15,2,Directed,-0.16190588474273682
15,7,Directed,0.1652877926826477
15,10,Directed,-0.5973321199417114
15,12,Directed,-0.4623711109161377
15,14,Directed,0.5033639073371887
15,15,Directed,-0.2069132775068283
15,16,Directed,-0.6506838202476501
15,18,Directed,-0.007852435111999512
15,19,Directed,0.3482823371887207
15,21,Directed,-0.1619967222213745
15,24,Directed,-0.14530983567237854
15,29,Directed,0.19094574451446533
15,31,Directed,0.11275872588157654
15,32,Directed,0.32672882080078125
15,35,Directed,-0.14546892046928406
15,36,Directed,-0.018696516752243042
15,37,Directed,-0.14269453287124634
15,47,Directed,0.013586193323135376
15,54,Directed,0.6717498302459717
15,55,Directed,-0.3853791058063507
15,56,Directed,0.16454683244228363
15,58,Directed,-0.5897129774093628
15,62,Directed,-0.11454600095748901
15,64,Directed,-0.030131638050079346
15,72,Directed,0.3885614275932312
15,75,Directed,0.5222005844116211
15,76,Directed,0.27811533212661743
15,77,Directed,0.5357489585876465
15,81,Directed,0.47481444478034973
15,83,Directed,-0.6681481599807739
15,84,Directed,1.4462261199951172
15,85,Directed,0.8841431140899658
15,88,Directed,0.7907751798629761
15,89,Directed,-0.6409287452697754
15,90,Directed,-1.6757211685180664
15,91,Directed,0.2590251564979553
16,0,Directed,-0.00769805908203125
16,1,Directed,-0.04012592136859894
16,2,Directed,-0.057350173592567444
16,7,Directed,-0.30002278089523315
16,10,Directed,0.1401207447052002
16,12,Directed,0.11720684170722961
16,13,Directed,-0.12739092111587524
16,15,Directed,-0.01207132637500763
16,16,Directed,0.12842214107513428
16,18,Directed,-0.05805724859237671
16,24,Directed,0.24284198880195618
16,31,Directed,-0.09472087770700455
16,35,Directed,0.06680724024772644
16,37,Directed,-0.28155195713043213
16,44,Directed,-0.07449451088905334
16,56,Directed,0.36427903175354004
16,58,Directed,-0.23353201150894165
16,61,Directed,0.14105308055877686
16,75,Directed,0.04928933084011078
16,77,Directed,0.2606407701969147
16,78,Directed,0.16823530197143555
16,81,Directed,0.3156602382659912
16,83,Directed,0.04804503917694092
16,85,Directed,0.3468678593635559
16,87,Directed,-0.04393119364976883
16,88,Directed,-0.21862229704856873
16,91,Directed,0.18508560955524445
17,1,Directed,0.1256822794675827
17,3,Directed,-0.08663445711135864
17,7,Directed,-0.054678767919540405
17,8,Directed,0.16170191764831543
17,12,Directed,-0.00805262103676796
17,13,Directed,-0.005361646413803101
17,14,Directed,-0.11989080905914307
17,16,Directed,-0.17143575847148895
17,17,Directed,0.18712979555130005
17,18,Directed,0.18598534166812897
17,21,Directed,0.1701989471912384
17,24,Directed,-0.11723482608795166
17,30,Directed,0.16318093240261078
17,31,Directed,0.08880497515201569
17,37,Directed,0.0610128790140152
17,56,Directed,-0.06395814567804337
17,58,Directed,0.1439797282218933
17,76,Directed,0.20057597756385803
17,84,Directed,0.09131234884262085
17,85,Directed,0.017891764640808105
17,87,Directed,0.005633115768432617
17,89,Directed,-0.09316515922546387
17,91,Directed,0.023422718048095703
18,0,Directed,-0.11235004663467407
18,1,Directed,-0.12698176503181458
18,2,Directed,0.01902138441801071
18,6,Directed,-0.07144151628017426
18,7,Directed,-0.08368751406669617
18,10,Directed,0.4573543965816498
18,12,Directed,-0.03777852654457092
18,14,Directed,0.13654464483261108
18,16,Directed,0.08055062592029572
18,18,Directed,-0.029447704553604126
18,21,Directed,0.16564306616783142
18,24,Directed,0.20353764295578003
18,30,Directed,-0.08534428477287292
18,31,Directed,-0.19136402010917664
18,37,Directed,0.019414477050304413
18,47,Directed,-0.11194190382957458
18,54,Directed,-0.15564550459384918
18,56,Directed,0.09639033675193787
18,58,Directed,0.061739012598991394
18,76,Directed,0.05058679357171059
18,84,Directed,0.4644205570220947
18,87,Directed,-0.00036713480949401855
18,88,Directed,-0.05459526181221008
18,89,Directed,0.19334757328033447
18,91,Directed,-0.0397992804646492
19,0,Directed,-0.2179602086544037
19,1,Directed,0.260295569896698
19,2,Directed,0.04732239246368408
19,3,Directed,0.12649576365947723
19,5,Directed,-0.08279314637184143
19,7,Directed,0.01150164008140564
19,10,Directed,0.2050418108701706
19,12,Directed,-0.3328954577445984
19,13,Directed,-0.01914191246032715
19,14,Directed,0.1612154245376587
19,16,Directed,0.08060875535011292
19,18,Directed,-0.06546872854232788
19,19,Directed,0.06099233031272888
19,21,Directed,-0.07215701788663864
19,24,Directed,0.09171369671821594
19,31,Directed,-0.13681145012378693
19,32,Directed,0.07695803046226501
19,37,Directed,0.07330828905105591
19,47,Directed,0.07225583493709564
19,54,Directed,-0.042006149888038635
19,56,Directed,0.05092817544937134
19,58,Directed,-0.2634638547897339
19,62,Directed,-0.12400814145803452
19,64,Directed,0.20377665758132935
19,73,Directed,-0.09176701307296753
19,76,Directed,-0.022784516215324402
19,78,Directed,-0.04544270038604736
19,81,Directed,0.020568862557411194
19,83,Directed,0.11935333907604218
19,85,Directed,0.19207698106765747
19,87,Directed,-0.058429837226867676
19,88,Directed,0.04614490270614624
19,89,Directed,-0.03633300960063934
19,90,Directed,0.3869035243988037
19,91,Directed,0.019115060567855835
20,12,Directed,-0.6071740388870239
20,18,Directed,-0.17845943570137024
20,20,Directed,0.11493410915136337
21,0,Directed,0.04577898979187012
21,1,Directed,0.18292008340358734
21,2,Directed,-0.03073425590991974
21,3,Directed,-0.1592206358909607
21,6,Directed,0.17727017402648926
21,7,Directed,-0.011596262454986572
21,10,Directed,-0.2992185354232788
21,12,Directed,0.004787236452102661
21,13,Directed,-0.08591604232788086
21,14,Directed,0.14578008651733398
21,16,Directed,-0.07600492984056473
21,18,Directed,0.2151186466217041
21,19,Directed,-0.09025613963603973
21,21,Directed,0.19468723237514496
21,24,Directed,0.00030922889709472656
21,31,Directed,-0.07176494598388672
21,32,Directed,-0.022253811359405518
21,35,Directed,0.3866614103317261
21,37,Directed,-0.12539245188236237
21,47,Directed,-0.2365499585866928
21,51,Directed,0.026652991771697998
21,52,Directed,-0.1690288782119751
21,56,Directed,0.1508321911096573
21,58,Directed,-0.08675423264503479
21,62,Directed,-0.21873357892036438
21,64,Directed,-0.028429478406906128
21,76,Directed,0.10115370154380798
21,81,Directed,0.06541693955659866
21,83,Directed,-0.09413258731365204
21,85,Directed,-0.3933727741241455
21,86,Directed,0.13115142285823822
21,87,Directed,0.0527646541595459
21,88,Directed,-0.060364335775375366
21,89,Directed,0.16653096675872803
21,90,Directed,0.8300355076789856
21,91,Directed,0.1918393075466156
22,1,Directed,0.02054072916507721
22,12,Directed,0.008554540574550629
22,13,Directed,-0.050822556018829346
22,18,Directed,0.030373260378837585
22,22,Directed,0.3817744255065918
22,31,Directed,-0.030241966247558594
22,56,Directed,0.007286764681339264
22,58,Directed,0.01230764389038086
22,87,Directed,0.04593326896429062
22,90,Directed,0.45348310470581055
23,1,Directed,0.3326132297515869
23,10,Directed,0.10283210873603821
23,12,Directed,0.8756744265556335
23,23,Directed,0.32851332426071167
23,37,Directed,0.012549802660942078
23,53,Directed,-0.00835476815700531
24,0,Directed,0.47514694929122925
24,1,Directed,0.06912007927894592
24,2,Directed,-0.11726094037294388
24,3,Directed,-0.2148662805557251
24,5,Directed,-0.6083828806877136
24,6,Directed,0.025433197617530823
24,7,Directed,-0.15358319878578186
24,10,Directed,0.5040274858474731
24,12,Directed,-0.588240385055542
24,13,Directed,-0.3879365921020508
24,14,Directed,-0.28014034032821655
24,15,Directed,-0.044677071273326874
24,16,Directed,-0.17814132571220398
24,17,Directed,-0.20963361859321594
24,18,Directed,0.35218867659568787
24,19,Directed,0.1863117218017578
24,21,Directed,-0.25185495615005493
24,24,Directed,0.08393537998199463
24,25,Directed,-0.1644018441438675
24,30,Directed,-0.022975578904151917
24,31,Directed,0.06336984038352966
24,35,Directed,-0.06357651948928833
24,37,Directed,-0.04117864370346069
24,38,Directed,0.059801191091537476
24,40,Directed,-0.025707781314849854
24,47,Directed,0.06896546483039856
24,51,Directed,-0.27630144357681274
24,52,Directed,0.13934582471847534
24,54,Directed,0.03668913245201111
24,55,Directed,-0.12110643088817596
24,56,Directed,0.15195614099502563
24,58,Directed,0.16898322105407715
24,62,Directed,0.22728455066680908
24,63,Directed,-0.09756867587566376
24,64,Directed,-0.07402729988098145
24,75,Directed,0.20145559310913086
24,76,Directed,0.09669461846351624
24,77,Directed,0.4193335175514221
24,81,Directed,0.3397098481655121
24,83,Directed,-0.3224433660507202
24,84,Directed,0.021853208541870117
24,85,Directed,0.12301599979400635
24,87,Directed,0.10405758023262024
24,88,Directed,-0.039877232164144516
24,89,Directed,-0.018400847911834717
24,90,Directed,0.6764852404594421
24,91,Directed,0.44365254044532776
25,25,Directed,0.9927009344100952
26,8,Directed,0.022033151239156723
26,26,Directed,0.41201260685920715
26,84,Directed,0.18806245923042297
27,12,Directed,-0.40271973609924316
27,13,Directed,0.6720313429832458
27,16,Directed,-0.16918228566646576
27,18,Directed,0.138464093208313
27,21,Directed,-0.23016569018363953
27,27,Directed,0.12107326835393906
27,31,Directed,-0.08227819949388504
27,32,Directed,-0.06603477895259857
27,87,Directed,-0.02901236154139042
27,88,Directed,0.20619787275791168
27,89,Directed,-0.16709433495998383
28,0,Directed,0.031522542238235474
28,1,Directed,0.08123818039894104
28,2,Directed,0.06539694964885712
28,7,Directed,-0.09468713402748108
28,10,Directed,0.56278395652771
28,12,Directed,-0.08162567019462585
28,13,Directed,-0.12838011980056763
28,18,Directed,0.08203253149986267
28,21,Directed,0.06117011606693268
28,28,Directed,0.36423248052597046
28,31,Directed,-0.001757591962814331
28,37,Directed,0.08162127435207367
28,38,Directed,-0.2428412139415741
28,58,Directed,0.09881868213415146
28,73,Directed,0.08795195817947388
28,83,Directed,0.005657166242599487
28,89,Directed,-0.05654004216194153
28,91,Directed,0.052842848002910614
29,6,Directed,-0.06470939517021179
29,18,Directed,-0.24409666657447815
29,21,Directed,0.19430671632289886
29,29,Directed,0.5826764702796936
29,30,Directed,0.1664118766784668
29,31,Directed,-0.08302830904722214
29,37,Directed,0.04903033375740051
29,42,Directed,0.1885315179824829
29,56,Directed,-0.022892162203788757
29,57,Directed,0.4154285192489624
29,58,Directed,0.00930163636803627
29,72,Directed,-0.13617482781410217
29,84,Directed,-0.04262632131576538
30,1,Directed,0.13467305898666382
30,12,Directed,0.30382004380226135
30,14,Directed,0.1843564510345459
30,17,Directed,0.32361042499542236
30,18,Directed,-0.012372612953186035
30,21,Directed,0.05869966000318527
30,24,Directed,0.062060266733169556
30,29,Directed,0.07901871204376221
30,30,Directed,0.3742414712905884
30,55,Directed,0.17669887840747833
30,58,Directed,0.034940265119075775
30,60,Directed,-0.19146771728992462
30,65,Directed,0.06702090799808502
30,72,Directed,-0.19238391518592834
30,84,Directed,-0.012269675731658936
30,89,Directed,0.07434666901826859
30,91,Directed,-0.24337369203567505
31,0,Directed,0.0100269615650177
31,1,Directed,0.23846738040447235
31,2,Directed,-0.03463741019368172
31,7,Directed,0.06691153347492218
31,10,Directed,0.63559490442276
31,12,Directed,-0.21192920207977295
31,13,Directed,-0.14379377663135529
31,14,Directed,0.4076472818851471
31,16,Directed,-0.04226800799369812
31,18,Directed,-0.26146140694618225
31,21,Directed,0.3028830885887146
31,24,Directed,0.3349820673465729
31,31,Directed,0.1626875251531601
31,35,Directed,0.031117558479309082
31,37,Directed,-0.004212956875562668
31,56,Directed,0.11970895528793335
31,58,Directed,-0.05247001349925995
31,63,Directed,-0.10844127088785172
31,76,Directed,-0.08649341017007828
31,83,Directed,-0.12482303380966187
31,88,Directed,0.21900437772274017
31,89,Directed,-0.09381642937660217
31,91,Directed,-0.4038892984390259
32,0,Directed,-0.16237905621528625
32,10,Directed,0.37126290798187256
32,12,Directed,-0.0687616616487503
32,13,Directed,-0.5742084383964539
32,15,Directed,0.0768035352230072
32,18,Directed,-0.042421191930770874
32,19,Directed,0.8052189946174622
32,27,Directed,0.058024048805236816
32,32,Directed,0.5249017477035522
32,44,Directed,-0.13158199191093445
32,58,Directed,0.07396838068962097
32,86,Directed,0.23840852081775665
32,87,Directed,-0.0157083198428154
32,88,Directed,-0.10893899202346802
32,89,Directed,0.052196115255355835
33,1,Directed,-0.4204140603542328
33,3,Directed,-0.023684769868850708
33,5,Directed,-0.15338066220283508
33,10,Directed,0.10457590222358704
33,12,Directed,0.3392927944660187
33,14,Directed,0.3555053472518921
33,18,Directed,-0.08053562045097351
33,21,Directed,-0.0449252724647522
33,24,Directed,-0.40920794010162354
33,25,Directed,0.1850113868713379
33,31,Directed,0.13032349944114685
33,33,Directed,0.2914850115776062
33,37,Directed,-0.20456042885780334
33,45,Directed,0.22512048482894897
33,47,Directed,0.22121982276439667
33,50,Directed,0.16333165764808655
33,56,Directed,-0.14195524156093597
33,58,Directed,0.12213869392871857
33,76,Directed,-0.03509175777435303
33,78,Directed,0.26285332441329956
33,87,Directed,0.22510690987110138
33,88,Directed,-0.3519372344017029
33,89,Directed,0.4052109718322754
33,91,Directed,0.03116859495639801
34,34,Directed,0.9769226312637329
35,0,Directed,-0.004083558917045593
35,1,Directed,-0.06361712515354156
35,2,Directed,-0.008811622858047485
35,7,Directed,0.12560635805130005
35,10,Directed,0.5332595705986023
35,12,Directed,0.1837938129901886
35,14,Directed,0.16148823499679565
35,16,Directed,-0.0009883344173431396
35,18,Directed,0.10614854097366333
35,21,Directed,0.24676525592803955
35,24,Directed,0.1493670493364334
35,27,Directed,0.06943601369857788
35,31,Directed,0.01749635487794876
35,35,Directed,0.037466660141944885
35,37,Directed,0.020454511046409607
35,44,Directed,-0.10468560457229614
35,54,Directed,-0.2261505275964737
35,56,Directed,-0.024003099650144577
35,58,Directed,-0.028165355324745178
35,77,Directed,0.39617258310317993
35,83,Directed,0.10280269384384155
35,87,Directed,-0.19437114894390106
35,88,Directed,0.032842159271240234
35,89,Directed,-0.12134581804275513
35,91,Directed,-0.2936040759086609
36,36,Directed,0.5291509628295898
36,45,Directed,0.5370067954063416
36,58,Directed,-0.1953769028186798
36,91,Directed,0.024851180613040924
37,0,Directed,0.0647810697555542
37,1,Directed,0.5179706811904907
37,2,Directed,-0.28183096647262573
37,6,Directed,0.04354725778102875
37,7,Directed,-0.24792996048927307
37,10,Directed,0.0005157142877578735
37,12,Directed,-0.04929155111312866
37,14,Directed,-0.08757728338241577
37,16,Directed,0.2588269114494324
37,18,Directed,-0.005628451704978943
37,19,Directed,0.12828977406024933
37,21,Directed,-0.20990389585494995
37,24,Directed,0.5195383429527283
37,31,Directed,-0.22792324423789978
37,35,Directed,0.15209943056106567
37,37,Directed,-0.4599933624267578
37,40,Directed,-0.07753311097621918
37,47,Directed,0.24025468528270721
37,51,Directed,0.2837740480899811
37,54,Directed,0.11234019696712494
37,55,Directed,0.085901640355587
37,56,Directed,0.0755799412727356
37,58,Directed,-0.3032757043838501
37,60,Directed,0.10590344667434692
37,62,Directed,-0.45596179366111755
37,64,Directed,-0.00608411431312561
37,76,Directed,0.28418833017349243
37,77,Directed,0.18742749094963074
37,81,Directed,0.18673184514045715
37,83,Directed,-0.4163709282875061
37,84,Directed,0.1069331169128418
37,85,Directed,-0.03624296188354492
37,87,Directed,0.2414073646068573
37,88,Directed,0.02620692364871502
37,90,Directed,0.21835637092590332
37,91,Directed,0.12229764461517334
38,1,Directed,0.19667482376098633
38,12,Directed,0.42299148440361023
38,13,Directed,-0.053205788135528564
38,14,Directed,0.001013725996017456
38,18,Directed,-0.08649304509162903
38,24,Directed,0.20240604877471924
38,32,Directed,0.06916218996047974
38,38,Directed,0.39302703738212585
38,48,Directed,0.2015836238861084
38,58,Directed,0.08337879925966263
38,63,Directed,-0.2235434502363205
38,64,Directed,0.1173211932182312
38,73,Directed,-0.07610449194908142
38,87,Directed,0.07448720932006836
38,88,Directed,-0.16976141929626465
39,1,Directed,0.19927257299423218
39,12,Directed,0.1917532980442047
39,31,Directed,0.12858451902866364
39,37,Directed,0.026300016790628433
39,39,Directed,0.11110283434391022
39,58,Directed,0.08858192712068558
39,78,Directed,0.3320164084434509
39,88,Directed,0.005546964704990387
40,1,Directed,0.3682538568973541
40,10,Directed,0.7410469651222229
40,12,Directed,0.10314297676086426
40,13,Directed,0.07550317049026489
40,15,Directed,0.024912476539611816
40,16,Directed,0.1668238639831543
40,18,Directed,0.1905742883682251
40,24,Directed,0.3192288279533386
40,31,Directed,-0.025069043040275574
40,36,Directed,0.0005563683807849884
40,37,Directed,-0.5057411193847656
40,40,Directed,-0.11845598369836807
40,42,Directed,-0.09037086367607117
40,47,Directed,-0.30336397886276245
40,53,Directed,-0.03993542492389679
40,54,Directed,0.4427512586116791
40,55,Directed,-0.07852869480848312
40,56,Directed,-0.4832552373409271
40,58,Directed,0.3731086552143097
40,63,Directed,-0.3640166223049164
40,76,Directed,0.032783351838588715
40,78,Directed,0.8883431553840637
40,83,Directed,-0.29717081785202026
40,88,Directed,-0.04972425103187561
40,91,Directed,0.01382560282945633
41,1,Directed,0.20110562443733215
41,6,Directed,0.1923842430114746
41,8,Directed,0.17038948833942413
41,17,Directed,0.057226333767175674
41,18,Directed,0.0906834602355957
41,24,Directed,-0.16479314863681793
41,26,Directed,-0.09880150854587555
41,36,Directed,0.01676230877637863
41,37,Directed,-0.07912391424179077
41,40,Directed,-0.028760123997926712
41,41,Directed,0.4048554301261902
41,47,Directed,0.22245216369628906
41,50,Directed,-0.009228665381669998
41,53,Directed,-0.012705311179161072
41,56,Directed,-0.1735655665397644
41,58,Directed,0.24487708508968353
41,60,Directed,-0.05500001460313797
41,72,Directed,-0.08598735928535461
41,74,Directed,0.13031670451164246
41,76,Directed,0.1903652399778366
41,83,Directed,-0.17259825766086578
41,84,Directed,-0.08243018388748169
42,9,Directed,0.0966905727982521
42,12,Directed,-0.2874014973640442
42,25,Directed,0.22892726957798004
42,26,Directed,-0.1518140435218811
42,29,Directed,0.287090539932251
42,42,Directed,0.31924787163734436
42,53,Directed,0.1890089064836502
42,57,Directed,-0.5389170050621033
42,58,Directed,-0.16176876425743103
42,66,Directed,0.19530576467514038
42,72,Directed,0.04137164354324341
42,76,Directed,-0.08966557681560516
42,84,Directed,0.4606028199195862
42,88,Directed,0.11341828852891922
43,2,Directed,0.10680238902568817
43,24,Directed,-0.004786364734172821
43,31,Directed,-0.02213931828737259
43,43,Directed,0.4525505304336548
43,58,Directed,0.28061723709106445
43,85,Directed,0.1520010530948639
44,0,Directed,-0.17869091033935547
44,1,Directed,0.23425476253032684
44,2,Directed,-0.03937209025025368
44,3,Directed,-0.14983786642551422
44,7,Directed,0.10244539380073547
44,10,Directed,0.000229761004447937
44,12,Directed,0.7002851963043213
44,13,Directed,-0.027162253856658936
44,14,Directed,0.2608165144920349
44,16,Directed,0.21765106916427612
44,18,Directed,-0.06319454312324524
44,21,Directed,-0.0982518196105957
44,31,Directed,0.014660894870758057
44,32,Directed,0.0488126277923584
44,37,Directed,-0.12774965167045593
44,44,Directed,-0.20725767314434052
44,58,Directed,0.08113983273506165
44,73,Directed,-0.04637271165847778
44,75,Directed,0.007656395435333252
44,86,Directed,0.01746189594268799
44,87,Directed,0.15733200311660767
44,88,Directed,0.015709728002548218
44,89,Directed,0.16227896511554718
44,91,Directed,-0.068759024143219
45,1,Directed,0.022233448922634125
45,8,Directed,0.0038165301084518433
45,12,Directed,0.2065533995628357
45,26,Directed,0.10346141457557678
45,36,Directed,0.052809178829193115
45,37,Directed,0.0026766955852508545
45,45,Directed,0.5487625002861023
45,53,Directed,0.025218423455953598
45,58,Directed,-0.05008368194103241
45,62,Directed,0.04057934880256653
45,84,Directed,0.30984389781951904
45,89,Directed,-0.04394814372062683
46,46,Directed,0.35629117488861084
47,1,Directed,0.24201315641403198
47,2,Directed,-0.20740817487239838
47,8,Directed,0.04860062897205353
47,10,Directed,-0.1606699824333191
47,12,Directed,0.21374064683914185
47,14,Directed,0.08228230476379395
47,16,Directed,0.026453450322151184
47,18,Directed,-0.013958970084786415
47,21,Directed,0.09464947134256363
47,24,Directed,0.28119349479675293
47,31,Directed,-0.07773720473051071
47,37,Directed,-0.2100418210029602
47,47,Directed,0.34122830629348755
47,54,Directed,-0.06682723760604858
47,56,Directed,-0.01145226415246725
47,58,Directed,-0.028974084183573723
47,62,Directed,-0.047473400831222534
47,76,Directed,0.18412473797798157
47,83,Directed,0.16993336379528046
47,84,Directed,0.2392899990081787
47,85,Directed,0.019730448722839355
47,88,Directed,0.07672880589962006
47,89,Directed,-0.2997552752494812
47,91,Directed,0.08141319453716278
48,1,Directed,0.19355951249599457
48,2,Directed,0.11134763807058334
48,7,Directed,0.05180191993713379
48,12,Directed,-0.047447413206100464
48,13,Directed,-0.059485793113708496
48,18,Directed,-0.10465571284294128
48,38,Directed,-0.22909152507781982
48,48,Directed,0.3802831172943115
48,52,Directed,0.12678691744804382
48,58,Directed,0.05481642484664917
48,62,Directed,0.1812199205160141
48,64,Directed,0.02237860858440399
48,73,Directed,-0.10929536819458008
48,81,Directed,-0.13621465861797333
48,87,Directed,0.02620980143547058
48,90,Directed,0.46361759305000305
49,8,Directed,0.28633683919906616
49,11,Directed,0.17207071185112
49,26,Directed,0.007808500900864601
49,49,Directed,0.1533091962337494
49,69,Directed,-0.015793606638908386
50,1,Directed,-0.18457573652267456
50,10,Directed,0.5810768008232117
50,33,Directed,0.2225201278924942
50,41,Directed,-0.0172346830368042
50,50,Directed,0.2655850052833557
50,58,Directed,0.14108909666538239
51,51,Directed,0.9950398206710815
52,1,Directed,-0.08966972678899765
52,10,Directed,0.29898786544799805
52,12,Directed,0.14970143139362335
52,13,Directed,-0.17497390508651733
52,14,Directed,0.3598751723766327
52,18,Directed,0.14089354872703552
52,31,Directed,-0.016661174595355988
52,37,Directed,-0.09845700860023499
52,52,Directed,0.3869648575782776
52,58,Directed,-0.050504207611083984
52,89,Directed,0.13964521884918213
52,91,Directed,-0.07176802307367325
53,1,Directed,-0.028951585292816162
53,6,Directed,-0.16390125453472137
53,8,Directed,-0.0035702288150787354
53,10,Directed,0.5851523876190186
53,12,Directed,0.5271903276443481
53,18,Directed,0.3767424523830414
53,23,Directed,-0.014023281633853912
53,24,Directed,-0.02085547149181366
53,25,Directed,0.1915842592716217
53,36,Directed,-0.26001638174057007
53,37,Directed,0.662288248538971
53,40,Directed,0.014674067497253418
53,41,Directed,0.16442900896072388
53,42,Directed,0.048683613538742065
53,45,Directed,0.2745419144630432
53,47,Directed,-0.813813328742981
53,53,Directed,0.2517952024936676
53,54,Directed,-0.06796419620513916
53,55,Directed,0.1353573203086853
53,56,Directed,-0.25847262144088745
53,58,Directed,-0.18418842554092407
53,72,Directed,-0.006227016448974609
53,75,Directed,-0.6967868804931641
53,76,Directed,-0.013257145881652832
53,78,Directed,0.6830584406852722
53,81,Directed,0.1991223692893982
53,84,Directed,-0.01842057704925537
53,85,Directed,-0.14604735374450684
54,0,Directed,0.07546442747116089
54,1,Directed,0.38515505194664
54,2,Directed,-0.24956539273262024
54,7,Directed,0.19698654115200043
54,10,Directed,-0.14308121800422668
54,12,Directed,0.16182753443717957
54,13,Directed,-0.04013483226299286
54,14,Directed,0.09299291670322418
54,15,Directed,0.02736380696296692
54,16,Directed,-0.06322578340768814
54,18,Directed,-0.006713762879371643
54,19,Directed,0.10358338057994843
54,21,Directed,0.10571643710136414
54,24,Directed,0.15227997303009033
54,31,Directed,-0.2907311022281647
54,35,Directed,0.01125238835811615
54,37,Directed,-0.18929916620254517
54,40,Directed,-0.08497025072574615
54,47,Directed,-0.14128118753433228
54,51,Directed,0.06795069575309753
54,54,Directed,0.27144330739974976
54,56,Directed,-0.14342433214187622
54,58,Directed,0.11274802684783936
54,62,Directed,-0.16098377108573914
54,64,Directed,0.278176486492157
54,76,Directed,0.14441744983196259
54,83,Directed,-0.20432710647583008
54,85,Directed,0.2072315216064453
54,87,Directed,0.054079994559288025
54,88,Directed,-0.22494250535964966
54,89,Directed,0.028777003288269043
54,90,Directed,0.3815542161464691
54,91,Directed,-0.07907940447330475
55,37,Directed,0.2512323260307312
55,55,Directed,0.08235485851764679
55,58,Directed,0.00919024646282196
55,90,Directed,0.26435625553131104
56,0,Directed,-0.13925990462303162
56,1,Directed,-0.2595643401145935
56,2,Directed,-0.20082157850265503
56,3,Directed,0.07124781608581543
56,4,Directed,-0.4349477291107178
56,7,Directed,-0.005430042743682861
56,8,Directed,0.2476963996887207
56,10,Directed,-0.013107314705848694
56,12,Directed,-0.5472509860992432
56,13,Directed,-0.6755459308624268
56,14,Directed,0.1760488748550415
56,16,Directed,0.2553948163986206
56,18,Directed,0.2693120241165161
56,19,Directed,-0.08540314435958862
56,21,Directed,-0.24561911821365356
56,24,Directed,0.39203953742980957
56,31,Directed,0.005076766014099121
56,32,Directed,-0.29299062490463257
56,33,Directed,0.29017752408981323
56,35,Directed,-0.16293498873710632
56,37,Directed,-0.07771827280521393
56,38,Directed,0.24307650327682495
56,44,Directed,0.34965938329696655
56,47,Directed,0.24197173118591309
56,51,Directed,0.11336599290370941
56,54,Directed,-0.031511902809143066
56,56,Directed,-0.11957584321498871
56,58,Directed,-0.1490844488143921
56,62,Directed,-0.5876688361167908
56,63,Directed,-0.10667082667350769
56,64,Directed,-0.03283703327178955
56,67,Directed,-0.4337359368801117
56,73,Directed,0.4045426845550537
56,75,Directed,0.46907782554626465
56,76,Directed,0.22405239939689636
56,77,Directed,1.386070966720581
56,79,Directed,-0.14389032125473022
56,81,Directed,-0.04825311899185181
56,83,Directed,-0.19114166498184204
56,85,Directed,-1.0018583536148071
56,86,Directed,0.7963641285896301
56,87,Directed,0.34788453578948975
56,88,Directed,0.1783742755651474
56,89,Directed,0.03511887788772583
56,90,Directed,0.786774754524231
56,91,Directed,-0.28413712978363037
57,18,Directed,0.09693631529808044
57,29,Directed,0.09957784414291382
57,30,Directed,-0.019400089979171753
57,57,Directed,0.41878610849380493
57,59,Directed,-0.08347013592720032
57,65,Directed,0.16666731238365173
57,72,Directed,0.1369090974330902
57,84,Directed,0.15873178839683533
58,0,Directed,0.23506739735603333
58,1,Directed,-0.02521510049700737
58,2,Directed,0.04552628844976425
58,5,Directed,-0.4359094500541687
58,7,Directed,-0.036250561475753784
58,10,Directed,0.4636352062225342
58,12,Directed,-1.0150920152664185
58,13,Directed,0.1080980971455574
58,14,Directed,-0.2380632758140564
58,15,Directed,0.012265563011169434
58,16,Directed,-0.2274625301361084
58,18,Directed,-0.1263759881258011
58,19,Directed,-0.008323490619659424
58,21,Directed,0.03331461176276207
58,24,Directed,-0.22834107279777527
58,31,Directed,-0.00994950532913208
58,37,Directed,-0.006041336804628372
58,47,Directed,0.05651986598968506
58,56,Directed,0.0980227068066597
58,58,Directed,0.7486703395843506
58,62,Directed,0.0924619659781456
58,64,Directed,-0.19341599941253662
58,75,Directed,-0.22860878705978394
58,76,Directed,-0.03658023476600647
58,77,Directed,0.31216779351234436
58,81,Directed,0.3242685794830322
58,83,Directed,-0.024630025029182434
58,87,Directed,-0.053370535373687744
58,88,Directed,-0.05302998423576355
58,89,Directed,0.016938507556915283
58,90,Directed,0.8867360949516296
58,91,Directed,0.24356938898563385
59,29,Directed,0.020144224166870117
59,30,Directed,0.23661181330680847
59,57,Directed,0.01026448979973793
59,59,Directed,0.6616554856300354
59,65,Directed,0.03714241087436676
59,72,Directed,-0.08032768219709396
59,84,Directed,0.064384326338768
60,2,Directed,0.14419306814670563
60,12,Directed,0.1394663155078888
60,18,Directed,0.01361343264579773
60,30,Directed,-0.3807236850261688
60,37,Directed,0.31389692425727844
60,41,Directed,0.11788159608840942
60,53,Directed,0.15095843374729156
60,58,Directed,0.46375373005867004
60,60,Directed,0.12929412722587585
60,76,Directed,-0.07576420903205872
60,88,Directed,0.04067811369895935
61,2,Directed,-0.007154747843742371
61,12,Directed,0.1315302550792694
61,13,Directed,0.038692906498909
61,16,Directed,0.10674016922712326
61,58,Directed,0.10472311079502106
61,61,Directed,0.6183456182479858
62,0,Directed,0.13369299471378326
62,2,Directed,0.059974391013383865
62,10,Directed,0.5490440130233765
62,12,Directed,-0.4403616189956665
62,13,Directed,-0.2965874969959259
62,14,Directed,-0.5497158765792847
62,15,Directed,-0.020396381616592407
62,18,Directed,0.06037914752960205
62,19,Directed,0.401686429977417
62,21,Directed,-0.12136794626712799
62,31,Directed,-0.08277419954538345
62,37,Directed,-0.09402285516262054
62,56,Directed,-0.06732560694217682
62,58,Directed,-0.06456174701452255
62,62,Directed,-0.0945548266172409
62,64,Directed,0.5142425298690796
62,77,Directed,0.2453913688659668
62,78,Directed,-0.12203016877174377
62,81,Directed,0.04960852861404419
62,87,Directed,0.05319260060787201
62,88,Directed,-0.13200998306274414
62,90,Directed,0.8442761301994324
63,2,Directed,-0.03850359469652176
63,3,Directed,0.18611854314804077
63,7,Directed,0.10850824415683746
63,12,Directed,0.35597044229507446
63,13,Directed,-0.20435112714767456
63,19,Directed,0.19452527165412903
63,21,Directed,-0.06214623898267746
63,31,Directed,0.3051567077636719
63,32,Directed,0.007925271987915039
63,56,Directed,-0.10934191942214966
63,58,Directed,0.03327186405658722
63,63,Directed,-0.18068376183509827
63,86,Directed,0.275145947933197
63,87,Directed,0.15931600332260132
63,88,Directed,-0.4351162314414978
63,89,Directed,0.185083270072937
63,91,Directed,0.3213613033294678
64,0,Directed,0.09821811318397522
64,1,Directed,0.2900119423866272
64,2,Directed,0.05013556778430939
64,7,Directed,-0.09752461314201355
64,10,Directed,0.3690902590751648
64,12,Directed,-0.02869182825088501
64,13,Directed,-0.00496944785118103
64,18,Directed,-0.07248610258102417
64,19,Directed,-0.12809935212135315
64,21,Directed,0.08605532348155975
64,24,Directed,-0.1634370982646942
64,27,Directed,-0.03583768010139465
64,31,Directed,-0.05298026651144028
64,37,Directed,-0.05111020803451538
64,38,Directed,-0.1290697455406189
64,51,Directed,0.10932061076164246
64,56,Directed,0.05927591025829315
64,58,Directed,0.0074260905385017395
64,64,Directed,0.2793581485748291
64,81,Directed,0.22692511975765228
64,83,Directed,-0.007146954536437988
64,87,Directed,-0.010691940784454346
64,88,Directed,-0.053538978099823
64,89,Directed,0.05014002323150635
64,90,Directed,0.19857332110404968
64,91,Directed,0.02105182409286499
65,29,Directed,0.10198089480400085
65,30,Directed,0.05938670039176941
65,57,Directed,0.10809017717838287
65,59,Directed,0.04769168049097061
65,65,Directed,0.5744739174842834
65,72,Directed,0.08452388644218445
65,84,Directed,-0.012662708759307861
66,7,Directed,0.14336802065372467
66,25,Directed,0.14596153795719147
66,42,Directed,0.07826915383338928
66,58,Directed,-0.378842830657959
66,66,Directed,0.4223940372467041
66,69,Directed,0.03798326849937439
66,85,Directed,0.6091085076332092
67,0,Directed,0.03696267306804657
67,2,Directed,-0.09326890856027603
67,3,Directed,-0.03793519735336304
67,12,Directed,0.28245222568511963
67,14,Directed,0.26167523860931396
67,18,Directed,0.044077739119529724
67,21,Directed,0.06388159841299057
67,31,Directed,-0.08719059824943542
67,37,Directed,-0.09059404581785202
67,55,Directed,0.1391773223876953
67,56,Directed,-0.08108359575271606
67,58,Directed,-0.0037310421466827393
67,62,Directed,0.11333625018596649
67,64,Directed,0.15158694982528687
67,67,Directed,0.26613226532936096
67,78,Directed,0.30991753935813904
67,87,Directed,0.09754762053489685
67,89,Directed,-0.089322030544281
67,91,Directed,-0.13823175430297852
68,1,Directed,0.0027594640851020813
68,3,Directed,-0.014627814292907715
68,13,Directed,0.11741015315055847
68,14,Directed,0.5024747848510742
68,18,Directed,-0.29417210817337036
68,21,Directed,0.1132160946726799
68,24,Directed,-0.14058846235275269
68,31,Directed,0.0513782724738121
68,56,Directed,0.012000411748886108
68,64,Directed,0.07196608185768127
68,68,Directed,0.5276681184768677
68,83,Directed,-0.08256525546312332
68,87,Directed,0.12216274440288544
68,89,Directed,0.20490871369838715
68,91,Directed,-0.1936337947845459
69,69,Directed,0.969484806060791
70,12,Directed,0.3806699514389038
70,18,Directed,0.15142232179641724
70,70,Directed,0.7804297804832458
71,7,Directed,0.0672127902507782
71,12,Directed,0.37747547030448914
71,18,Directed,0.1337672472000122
71,21,Directed,-0.24651136994361877
71,24,Directed,0.2431965470314026
71,31,Directed,0.14005708694458008
71,58,Directed,0.15905523300170898
71,71,Directed,0.21168610453605652
72,6,Directed,0.12153613567352295
72,18,Directed,-0.031121641397476196
72,29,Directed,0.05007082223892212
72,37,Directed,-0.11846357583999634
72,57,Directed,-0.02245958149433136
72,58,Directed,-0.05776462331414223
72,65,Directed,0.17951145768165588
72,72,Directed,0.26532894372940063
72,76,Directed,0.08920380473136902
72,84,Directed,0.490916907787323
73,1,Directed,0.5662714242935181
73,13,Directed,0.05991491675376892
73,19,Directed,0.4543161690235138
73,32,Directed,-0.11785686016082764
73,44,Directed,-0.027652040123939514
73,73,Directed,0.12395793944597244
73,88,Directed,0.18476861715316772
74,6,Directed,0.4154224395751953
74,8,Directed,0.14464053511619568
74,17,Directed,0.11979611963033676
74,18,Directed,0.16543884575366974
74,26,Directed,-0.10340209305286407
74,41,Directed,-0.22076626121997833
74,74,Directed,0.18869565427303314
75,0,Directed,-0.14578044414520264
75,1,Directed,-0.06566101312637329
75,2,Directed,-0.11191161721944809
75,7,Directed,0.1729675978422165
75,10,Directed,-0.14830124378204346
75,12,Directed,0.5201640129089355
75,13,Directed,0.01276889443397522
75,16,Directed,0.31479591131210327
75,17,Directed,0.2029287964105606
75,18,Directed,0.044560402631759644
75,21,Directed,0.04619926959276199
75,24,Directed,0.36358076333999634
75,31,Directed,-0.02760402113199234
75,37,Directed,-0.08476455509662628
75,44,Directed,-0.1296522319316864
75,53,Directed,0.028144195675849915
75,58,Directed,-0.13567392528057098
75,75,Directed,-0.04976740479469299
75,86,Directed,0.20110420882701874
75,87,Directed,0.005653515458106995
75,88,Directed,-0.06892779469490051
75,89,Directed,-0.004414618015289307
75,91,Directed,0.08085218071937561
76,0,Directed,0.10050082206726074
76,1,Directed,0.3321377635002136
76,2,Directed,-0.24944189190864563
76,3,Directed,-0.08322930335998535
76,4,Directed,0.16962872445583344
76,7,Directed,-0.3486093282699585
76,10,Directed,0.5933444499969482
76,12,Directed,-0.19946178793907166
76,13,Directed,-0.6616373062133789
76,14,Directed,-0.2036181390285492
76,15,Directed,-0.03340236842632294
76,16,Directed,0.03670322149991989
76,18,Directed,-0.06430242955684662
76,19,Directed,-0.09870419651269913
76,21,Directed,0.07540452480316162
76,24,Directed,0.27828100323677063
76,31,Directed,-0.23584982752799988
76,37,Directed,0.018849048763513565
76,42,Directed,0.1391277313232422
76,47,Directed,-0.17682203650474548
76,51,Directed,-0.39935192465782166
76,54,Directed,-0.040089547634124756
76,56,Directed,0.051312029361724854
76,58,Directed,-0.36210519075393677
76,60,Directed,0.14331477880477905
76,64,Directed,1.0646216869354248
76,76,Directed,0.2644853889942169
76,81,Directed,-0.062218695878982544
76,83,Directed,-0.1603790521621704
76,84,Directed,0.24845367670059204
76,85,Directed,0.10538285970687866
76,87,Directed,0.19507265090942383
76,88,Directed,-0.022652678191661835
76,89,Directed,-0.33391624689102173
76,90,Directed,0.5205829739570618
76,91,Directed,0.08594070374965668
77,0,Directed,0.03925377130508423
77,1,Directed,0.038309335708618164
77,2,Directed,0.027400735765695572
77,7,Directed,0.01937517523765564
77,10,Directed,0.06722396612167358
77,12,Directed,-0.024507932364940643
77,14,Directed,0.11532482504844666
77,15,Directed,0.02101072669029236
77,16,Directed,0.013490945100784302
77,18,Directed,-0.16824975609779358
77,21,Directed,0.10751978307962418
77,24,Directed,-0.13011181354522705
77,31,Directed,-0.07495574653148651
77,32,Directed,0.12082979083061218
77,35,Directed,-0.12900462746620178
77,37,Directed,-0.06146632134914398
77,38,Directed,0.03517693281173706
77,54,Directed,0.07770359516143799
77,56,Directed,0.1654663383960724
77,58,Directed,-0.026537969708442688
77,62,Directed,0.10241664946079254
77,77,Directed,0.22414155304431915
77,81,Directed,0.07323531806468964
77,87,Directed,0.010110005736351013
77,88,Directed,0.05218377709388733
77,89,Directed,0.107867032289505
77,91,Directed,-0.01988285779953003
78,1,Directed,0.14504508674144745
78,12,Directed,0.0759751945734024
78,16,Directed,-0.024228662252426147
78,18,Directed,0.06219024956226349
78,19,Directed,-0.06686869263648987
78,31,Directed,0.08355516195297241
78,33,Directed,0.03440956026315689
78,37,Directed,0.07893067598342896
78,40,Directed,-0.016661476343870163
78,58,Directed,-0.038402531296014786
78,62,Directed,-0.13283821940422058
78,78,Directed,0.055747270584106445
78,88,Directed,-0.08604708313941956
78,90,Directed,0.5142764449119568
79,1,Directed,0.3132767677307129
79,12,Directed,0.12967397272586823
79,14,Directed,-0.3124992251396179
79,18,Directed,-0.22346988320350647
79,25,Directed,0.19298526644706726
79,58,Directed,0.012070655822753906
79,62,Directed,0.2539723515510559
79,64,Directed,0.3750556707382202
79,79,Directed,0.08664578199386597
79,81,Directed,-0.028153397142887115
79,88,Directed,-0.162623792886734
79,90,Directed,0.39443275332450867
80,7,Directed,0.6486350297927856
80,12,Directed,-1.5290440320968628
80,45,Directed,2.222421169281006
80,58,Directed,-0.2132616639137268
80,72,Directed,-0.2862037122249603
80,80,Directed,0.17571641504764557
80,84,Directed,-1.0017732381820679
81,0,Directed,0.06970182061195374
81,1,Directed,0.013127520680427551
81,2,Directed,0.09580142796039581
81,3,Directed,-0.019175276160240173
81,7,Directed,0.12146231532096863
81,12,Directed,-0.21896715462207794
81,13,Directed,0.13584266602993011
81,16,Directed,0.021664492785930634
81,18,Directed,-0.05841566622257233
81,19,Directed,0.04660893976688385
81,21,Directed,-0.17808452248573303
81,24,Directed,-0.16137611865997314
81,31,Directed,-0.09923054277896881
81,56,Directed,0.06796480715274811
81,58,Directed,0.035797812044620514
81,62,Directed,0.1389058530330658
81,64,Directed,0.7950435876846313
81,76,Directed,-0.16590842604637146
81,81,Directed,0.5490096211433411
81,87,Directed,-0.15025652945041656
81,88,Directed,-0.09680816531181335
81,89,Directed,0.10116171836853027
81,90,Directed,-0.2000710368156433
81,91,Directed,0.14124368131160736
82,1,Directed,0.5366619825363159
82,12,Directed,0.10169762372970581
82,18,Directed,0.34639739990234375
82,21,Directed,0.07719787955284119
82,25,Directed,-0.0012633204460144043
82,31,Directed,-0.14296194911003113
82,56,Directed,0.1674201488494873
82,58,Directed,-0.1131327822804451
82,82,Directed,0.5313029289245605
82,89,Directed,-0.29975274205207825
83,0,Directed,-0.09234738349914551
83,1,Directed,-0.3718372881412506
83,2,Directed,0.02179056406021118
83,3,Directed,-0.07590699195861816
83,4,Directed,0.2795422077178955
83,7,Directed,-0.13236179947853088
83,10,Directed,-0.06690685451030731
83,12,Directed,0.18947820365428925
83,13,Directed,-0.026904582977294922
83,14,Directed,0.1263243854045868
83,15,Directed,0.05966369807720184
83,16,Directed,-0.1564984917640686
83,18,Directed,-0.14069566130638123
83,19,Directed,0.040407389402389526
83,21,Directed,-0.19332849979400635
83,24,Directed,-0.09222683310508728
83,29,Directed,0.12175679206848145
83,31,Directed,-0.014535780996084213
83,32,Directed,-0.11770150065422058
83,37,Directed,0.2386246770620346
83,54,Directed,-0.0476904958486557
83,56,Directed,0.1138806864619255
83,58,Directed,0.031060844659805298
83,62,Directed,-0.07846026867628098
83,76,Directed,0.16603228449821472
83,81,Directed,0.21845482289791107
83,83,Directed,0.20031003654003143
83,85,Directed,0.1609160602092743
83,87,Directed,0.14284920692443848
83,88,Directed,0.01718507707118988
83,89,Directed,0.05406276881694794
83,91,Directed,0.10286170244216919
84,0,Directed,0.12367366254329681
84,1,Directed,0.13083234429359436
84,2,Directed,-0.09075680375099182
84,6,Directed,0.05717545747756958
84,7,Directed,0.07290983200073242
84,8,Directed,0.011382803320884705
84,10,Directed,0.1588907539844513
84,12,Directed,0.06863367557525635
84,13,Directed,0.06800374388694763
84,16,Directed,-0.05730627477169037
84,18,Directed,0.012061387300491333
84,21,Directed,-0.013713980093598366
84,24,Directed,-0.06638765335083008
84,26,Directed,-0.036113716661930084
84,29,Directed,-0.1704397201538086
84,30,Directed,0.013462185859680176
84,31,Directed,-0.07643020153045654
84,37,Directed,0.036114200949668884
84,56,Directed,0.15054729580879211
84,57,Directed,0.08837363123893738
84,65,Directed,-0.023583069443702698
84,69,Directed,0.02362929657101631
84,70,Directed,0.049363695085048676
84,72,Directed,0.05176842212677002
84,84,Directed,0.3959197998046875
84,87,Directed,-0.07369408011436462
84,88,Directed,-0.002968907356262207
84,91,Directed,0.1709572970867157
85,0,Directed,-0.014631032943725586
85,1,Directed,0.1599806398153305
85,2,Directed,-0.07783589512109756
85,7,Directed,0.08398374915122986
85,12,Directed,0.28579655289649963
85,14,Directed,0.27523720264434814
85,16,Directed,-0.06369596719741821
85,18,Directed,-0.039503008127212524
85,19,Directed,0.12637880444526672
85,21,Directed,0.06326183676719666
85,24,Directed,-0.05411359667778015
85,31,Directed,-0.09720861166715622
85,37,Directed,0.019415810704231262
85,47,Directed,0.004742264747619629
85,54,Directed,0.004375636577606201
85,56,Directed,0.010802999138832092
85,58,Directed,0.10170739889144897
85,76,Directed,0.02831130474805832
85,83,Directed,-0.08692623674869537
85,85,Directed,0.42737117409706116
86,0,Directed,-0.09690605849027634
86,2,Directed,-0.07349901646375656
86,7,Directed,0.11193758249282837
86,12,Directed,0.302126407623291
86,13,Directed,0.030851900577545166
86,32,Directed,0.0648212730884552
86,58,Directed,0.2137163281440735
86,86,Directed,0.376575767993927
86,87,Directed,0.043728381395339966
86,88,Directed,0.059558331966400146
87,0,Directed,-0.12492632865905762
87,1,Directed,0.33746337890625
87,2,Directed,-0.16224080324172974
87,7,Directed,0.4581650197505951
87,10,Directed,0.09262906014919281
87,12,Directed,-0.08592931181192398
87,13,Directed,-0.45088887214660645
87,14,Directed,-0.23664432764053345
87,16,Directed,0.17011909186840057
87,18,Directed,0.4767453670501709
87,21,Directed,-0.0015311483293771744
87,31,Directed,-0.006662681698799133
87,32,Directed,-0.17785102128982544
87,35,Directed,0.06127697229385376
87,37,Directed,0.008757442235946655
87,44,Directed,-0.10514045506715775
87,56,Directed,-0.0069494545459747314
87,58,Directed,-0.02406388521194458
87,83,Directed,0.05069226026535034
87,86,Directed,0.1181802749633789
87,87,Directed,0.20092453062534332
87,88,Directed,-0.07222792506217957
87,89,Directed,-0.1688227355480194
87,90,Directed,0.6119652390480042
87,91,Directed,-0.056483909487724304
88,0,Directed,-0.12454233318567276
88,1,Directed,-0.07853604108095169
88,7,Directed,-0.05225798487663269
88,12,Directed,0.3413444757461548
88,13,Directed,0.09034490585327148
88,18,Directed,0.29525262117385864
88,21,Directed,-0.3118813633918762
88,27,Directed,0.05895179510116577
88,31,Directed,0.12642201781272888
88,32,Directed,-0.04823559522628784
88,37,Directed,0.07672281563282013
88,44,Directed,-0.2411966323852539
88,56,Directed,-0.3546503186225891
88,58,Directed,0.3338361382484436
88,62,Directed,-0.5478219985961914
88,64,Directed,-0.4420219361782074
88,81,Directed,0.23662309348583221
88,87,Directed,0.2659846544265747
88,88,Directed,0.3427044153213501
88,89,Directed,-0.0030297040939331055
88,90,Directed,0.8019406795501709
88,91,Directed,0.1450825333595276
89,1,Directed,-0.2327064871788025
89,3,Directed,-0.07116726040840149
89,4,Directed,-0.1668684482574463
89,12,Directed,0.5148591995239258
89,13,Directed,0.044151365756988525
89,14,Directed,0.2695227861404419
89,18,Directed,-0.08649614453315735
89,19,Directed,-0.11292412877082825
89,21,Directed,-0.009332478046417236
89,24,Directed,-0.00841456651687622
89,27,Directed,0.1194532960653305
89,31,Directed,0.08176259696483612
89,32,Directed,-0.0894784927368164
89,44,Directed,-0.04511040449142456
89,52,Directed,0.10222814977169037
89,56,Directed,-0.17040753364562988
89,58,Directed,0.1583654284477234
89,63,Directed,0.18975475430488586
89,64,Directed,0.09604492783546448
89,67,Directed,-0.17289316654205322
89,76,Directed,0.04091338813304901
89,81,Directed,0.0761197954416275
89,82,Directed,-0.025579437613487244
89,83,Directed,0.07462737709283829
89,87,Directed,0.15688341856002808
89,88,Directed,0.00674101710319519
89,89,Directed,0.4440726637840271
89,91,Directed,0.0724167674779892
90,2,Directed,-0.005850277841091156
90,12,Directed,0.052691832184791565
90,51,Directed,0.22955957055091858
90,87,Directed,0.04431122541427612
90,90,Directed,0.7824350595474243
91,0,Directed,-0.2572532296180725
91,1,Directed,0.19938413798809052
91,2,Directed,-0.010931108146905899
91,3,Directed,-0.28534388542175293
91,4,Directed,-0.2310979962348938
91,7,Directed,-0.0660320520401001
91,12,Directed,0.39541125297546387
91,13,Directed,-0.076835036277771
91,14,Directed,0.20819905400276184
91,16,Directed,-0.08422544598579407
91,18,Directed,0.14964479207992554
91,19,Directed,-0.39260178804397583
91,21,Directed,0.11152837425470352
91,24,Directed,0.06828528642654419
91,31,Directed,0.05261982977390289
91,35,Directed,0.3086269795894623
91,37,Directed,0.16458378732204437
91,44,Directed,-0.3047025203704834
91,51,Directed,0.018655404448509216
91,56,Directed,-0.25909343361854553
91,58,Directed,0.12223654985427856
91,63,Directed,0.11936778575181961
91,64,Directed,-0.21448281407356262
91,76,Directed,-0.06031075119972229
91,81,Directed,0.07796287536621094
91,83,Directed,0.013906657695770264
91,87,Directed,0.06835100054740906
91,88,Directed,-0.13216286897659302
91,89,Directed,-0.09860622137784958
91,90,Directed,0.8987374305725098
91,91,Directed,0.4289323091506958
